Time (seconds),Video Name,Classification,angle_std_head,angle_medium_head,angle_median_head,angle_min_head,angle_max_head,velocity_std_head,velocity_medium_head,velocity_median_head,velocity_min_head,velocity_max_head,acceleration_std_head,acceleration_medium_head,acceleration_median_head,acceleration_min_head,acceleration_max_head,angle_std_left_ankle,angle_medium_left_ankle,angle_median_left_ankle,angle_min_left_ankle,angle_max_left_ankle,velocity_std_left_ankle,velocity_medium_left_ankle,velocity_median_left_ankle,velocity_min_left_ankle,velocity_max_left_ankle,acceleration_std_left_ankle,acceleration_medium_left_ankle,acceleration_median_left_ankle,acceleration_min_left_ankle,acceleration_max_left_ankle,angle_std_left_wrist,angle_medium_left_wrist,angle_median_left_wrist,angle_min_left_wrist,angle_max_left_wrist,velocity_std_left_wrist,velocity_medium_left_wrist,velocity_median_left_wrist,velocity_min_left_wrist,velocity_max_left_wrist,acceleration_std_left_wrist,acceleration_medium_left_wrist,acceleration_median_left_wrist,acceleration_min_left_wrist,acceleration_max_left_wrist,angle_std_right_ankle,angle_medium_right_ankle,angle_median_right_ankle,angle_min_right_ankle,angle_max_right_ankle,velocity_std_right_ankle,velocity_medium_right_ankle,velocity_median_right_ankle,velocity_min_right_ankle,velocity_max_right_ankle,acceleration_std_right_ankle,acceleration_medium_right_ankle,acceleration_median_right_ankle,acceleration_min_right_ankle,acceleration_max_right_ankle,angle_std_right_wrist,angle_medium_right_wrist,angle_median_right_wrist,angle_min_right_wrist,angle_max_right_wrist,velocity_std_right_wrist,velocity_medium_right_wrist,velocity_median_right_wrist,velocity_min_right_wrist,velocity_max_right_wrist,acceleration_std_right_wrist,acceleration_medium_right_wrist,acceleration_median_right_wrist,acceleration_min_right_wrist,acceleration_max_right_wrist
0,Phrase3.mp4,indirect,0.5821269618925766,88.94723553011173,88.644280410732,88.29413427942012,89.9779177225285,0.1633826396283581,0.0056821620301104,0.0064509775943193,-0.2940617355045347,0.2545768856817147,0.0581696438437001,-0.0020528462783287,-0.0112337901030343,-0.1005510039665971,0.0868589232730698,0.8390187205272843,83.69668053307666,83.76504559076292,80.33549347498334,84.82596915577331,0.4478923422031376,0.1428715764402914,0.0253510610482798,-0.2923521539213212,1.460988927433732,0.1275277266770993,-0.0571854683787215,-0.0274543074113946,-0.3630493634724949,0.0986483136765095,3.5331255683846967,73.00956398279286,71.2393054490635,69.3550495480169,82.84937458858894,1.4982334035563225,-0.1636296369681919,0.2567781588529314,-4.560187028492763,1.0465460138031943,0.3618737467423059,0.1861207002163029,0.0912784102667476,-0.2292017679975266,1.157171815352644,1.5490972493045287,78.92616953168428,78.50194502707139,77.87970652812183,85.07521737051532,0.6542229993178957,-0.2276270094854354,0.0264347769054609,-2.1377154301719514,0.2213250021868376,0.162713259564731,0.0748435090127102,0.0333167473937692,-0.1052497814593316,0.4847111640338717,2.9492272441440037,81.22708786083898,80.3050036693413,77.09411956965151,87.63985536864504,1.1955977427598925,-0.1081347554979127,0.2923164233705719,-3.7833367225530026,0.7077727997800523,0.3298073228876273,0.1352430435554245,0.0518798653039755,-0.2120872228657049,1.0277689584171943
0,impro_free.MP4,direct,5.365646844555261,84.62501456053361,86.78606775438529,74.73216375215829,89.57484134167078,1.344625879300175,-0.00701363771197,0.0013009635799932,-2.563390355879754,1.9872327392692952,0.367778504902869,-0.0227579297136038,-0.1467983166586783,-0.5677737766354944,0.7511063940163804,6.071979269455738,80.87446343458741,82.33801807286301,69.21351670020292,88.72442454262428,1.8142520584573036,0.265778507765816,0.6217691982172546,-3.371852106483466,3.0681629159703974,0.669100433049243,-0.0537752232006859,-0.3129464188295072,-0.9080640609126752,1.498009344448775,9.680164924318728,69.58578506133014,73.30237170876148,49.806923005564585,79.73544966222364,3.4578288911641555,0.2965186093980489,-0.7830706293868843,-5.134475721760644,6.4861181456953965,1.425985369352878,-0.2541265465660172,-0.4140481320651723,-2.2216699783713416,2.6638060028999178,8.472822266444949,75.15986788520544,75.05861842347038,63.095463594336685,88.39670631623277,1.7011285829605312,0.2820184923812833,0.6514411790290193,-2.76310097816917,2.608399039881192,0.4203389198443156,0.0077138197237519,0.0106437397121519,-0.5566543758379723,0.9201835327208254,25.16496517924515,28.997177451977297,24.17400600051593,0.6821227104361993,74.91111305400185,6.505951418702435,-1.6202321338119623,-0.8905821649131985,-12.94707111360204,8.583304543014066,2.811531924255767,-0.2100580265721078,-0.0771361612452146,-4.729224465287929,4.793287812121566
1,Phrase3.mp4,indirect,4.602053754862735,86.22828684627034,89.14663886488259,75.97383979057443,89.80708088977498,0.500575652992471,-0.4695943110427222,-0.2502935001528428,-1.1397528291084311,0.1731148381361649,0.0946416190750559,-0.0307977944986702,0.0027076767332552,-0.2329038233812461,0.0833489335654107,0.8783293951402598,81.40065191037667,81.19750855476425,80.43266034574492,83.7848719829603,0.1790332378123538,-0.1185799277836338,-0.1157813335552369,-0.4261370416502714,0.1815490768132619,0.0602230499357197,-0.0001086764648481,-0.0042362561258002,-0.1195230514488336,0.1078086326754004,20.560712752674675,73.52755024310419,83.83430022857993,20.024936405066825,85.43807383415351,3.697049381786824,-1.9907800497135637,-0.0927903268416017,-10.480691721077507,0.834862374513186,1.2923878251211474,-0.0043695527146818,-0.0662514219184622,-2.152796533986585,3.3076007429624994,1.1743256095640595,80.27304908132912,79.58348459511421,79.2993895316344,82.37345104863999,0.1796470522888927,0.0853180373581381,0.0305034015459924,-0.2451002601041523,0.4376901744148327,0.0592917411013247,-0.0107506883679396,-0.0119164007075003,-0.1059306190283564,0.0962047390288098,14.016683950858626,75.13864160331747,79.27548853007383,30.39956264808995,86.37137052365732,2.9228885784312486,-1.9580139282590272,-0.6034847507238865,-9.366766736105816,0.0746442466999113,0.854693161655403,-0.1876283462349779,-0.0667241002857075,-2.056767119563009,2.4788521590342825
1,impro_free.MP4,direct,3.315042369838097,86.81891912279347,87.83492194181319,75.80564810761243,90.36237929442208,1.084394310170718,-0.4683728840505656,-0.3477334562159413,-2.848373392160944,1.0941796132107695,0.3073800405214787,-0.0639349769614838,-0.0449187020744012,-0.6484200435782661,0.4796101022566219,4.837852477437541,83.83372084669968,86.27731356012544,74.6523205177224,89.08185780862394,1.311692227996087,0.0727018620856282,0.2896957787022032,-2.51451122911579,2.0630267226101324,0.3956061532393732,0.0594336414206644,-0.0282431323539125,-0.5818076548109019,0.8564807350141308,21.86181549947845,60.34994078818179,65.5952038492683,13.628838839766338,87.65727284713277,3.044816401119312,-2.0295295040441035,-2.4763443022651472,-7.199363383338229,3.4927617201875805,1.1452828720928108,-0.0841423397059706,-0.3374548871331848,-2.143052951010036,2.0942738526027123,7.298300570863295,75.26124269824686,76.43454779536765,61.66532504683018,88.21804500479534,2.594585684273673,-0.7874447212332538,-0.9823505283947522,-4.632962056280952,4.782418946355186,1.1709627220832377,-0.1008681121094656,-0.2706263004412399,-2.3249421975901328,2.0642915951647147,12.140764446671884,18.87259556073121,15.617841559060718,4.406082362621893,44.377853610435785,4.239243917057012,0.0829018533081104,0.3854749805056334,-8.24031346097143,6.561353950205687,1.6896145294403169,-0.0478938437728446,0.4909525199974287,-3.4574235372069744,2.8653562497317777
2,Phrase3.mp4,indirect,6.756960612269983,77.27849187118721,74.61298417263733,69.95637377503242,88.92976520448423,0.8379311482470867,0.4438513268951148,0.5443044576696678,-0.7409458702385052,1.5752240166375202,0.1585859401981788,0.0244875872448009,0.059667498804421,-0.2545639689560843,0.2605093577253399,8.388554227588054,70.80691221861852,74.4042095094533,43.7570457660762,80.23483659618748,1.9144760499402325,-1.327859565388498,-0.7611388403637065,-6.863020287125618,0.3360758096331722,0.5656680845392297,-0.1955748072613717,-0.1359927386623933,-1.7078832502953212,0.7570786836266361,9.390635316323555,31.555280639178104,34.36364592704284,8.930970889286424,41.756162667294326,2.2789730689969465,-0.421105481656656,-0.688517547417673,-3.4512562075107747,4.79262364881175,0.7057963736357289,-0.0958400264664499,-0.0578656627875027,-1.2778569748736217,2.442975869613776,9.21384017175934,70.82063736857255,72.92042911847184,44.299954896421454,81.73470885566182,2.028670712735424,-1.3985896554675847,-0.7417703877862749,-8.518690821332264,0.3505359800398544,0.6946990121308046,-0.2648283604718272,-0.0487013495361576,-2.289377664219902,0.5772010597945396,9.889660544176042,37.11774316689595,42.39286447973132,14.289494169768451,47.33491223431378,2.8766911587742574,-0.5020222918318338,-0.5459392547522262,-4.428338196644821,5.369044941911925,1.2088619920222092,0.0643971171157777,-0.2085169429476625,-1.5678017336962302,3.246197276567852
2,impro_free.MP4,direct,5.241235429464459,73.424765983087,72.95022327904334,65.84507648875865,81.22612590478113,1.2891421259599327,-0.1096462954843446,-0.2700362873874233,-2.463497569080559,1.7333925289891925,0.3221328199542227,0.0817729286980625,0.1873268727592005,-0.4425335796641185,0.4305761966614803,3.643104946875914,86.42968311595844,88.78474016175612,79.90875222828798,89.56293205643485,0.6921120365374167,-0.2174584165934102,-0.0256669599434218,-1.77625222683276,0.8815427413575065,0.2972982404071805,-0.026403443399417,-0.0181326479388239,-0.5124573512108341,0.6458755074943276,4.548181437454517,9.93253228772126,9.627649832769205,2.905330887857417,17.28323284901159,1.3787108255725486,-0.2418250963761777,-0.3286402794008314,-2.224729271123594,1.9956111634045597,0.7675836648279589,0.1222032195863603,-0.1390088864590835,-0.8684494951642816,2.2189358360297806,9.651884842704336,80.6579128790997,85.35299046966004,61.24752169173048,90.11300455314426,1.820562478893455,0.4682143772365277,0.0887876855277802,-2.9488084663984253,3.4225445618079675,0.6711803776819956,0.0052159048013574,-0.2302469006996936,-0.8668634466486296,1.6432353163413485,21.65194011879685,47.12403715857194,58.97489881932455,6.303654740255209,68.77887156432254,2.958798060510388,2.0614323240802843,1.3734606599481154,-2.441068244470788,8.538655530267448,1.1694282156077436,0.0244641268163742,0.0605522282729387,-2.464079851233125,2.037451700571532
3,Phrase3.mp4,indirect,9.679402790098168,80.96344456443461,83.97691617147628,52.20128112855639,88.86471919292454,1.8070809807443573,-1.4203137320225063,-0.7389993814251596,-5.716751586397393,-0.0753019159628536,0.373688252955616,-0.1095362113533778,-0.0733289867407494,-1.3949862404649194,0.7404285574041473,23.4374387898548,53.56047938023399,58.34536005905307,12.528485939609103,78.18744346038453,6.138616639455565,-0.6565128651547261,-0.0917152617636816,-11.050488411389452,9.70388301518327,2.237370223753987,0.1706024049274871,0.2075798558124262,-3.294497456876975,4.090303338326223,19.436715376243352,22.696155068188624,20.515939831660344,0.4765213251585317,52.199673643737945,3.284229687718616,1.136015052153187,1.8484214418118652,-6.6574124119979965,5.702384469195297,0.8514574661291872,0.0047582896982767,0.1567020682491182,-1.643536100133156,1.4088327850397009,28.6919853738736,48.629945396571664,35.881041882322606,14.140732746763351,96.58221213886333,8.081774113516618,-1.0290905942080528,-2.241846079916926,-12.586659698752811,14.162098057346276,2.971016351780306,0.2389598255927614,-0.0441394322431996,-4.416133180983888,5.344058272267203,26.35674020458189,29.957645466884,25.524419834264897,-0.5893391954743634,66.9193570925475,4.684265714405842,1.3467705125166338,0.4129954575553398,-8.125886897293643,8.73037251615026,1.13299694726559,0.030368288893881,0.0756773633547885,-1.5150184348162012,2.2352507882623502
3,impro_free.MP4,direct,5.021058431890394,80.13068985782292,80.69761246392312,71.12384031581234,86.46221335983716,0.8712863253833573,0.2039185530615531,0.4668855443111326,-1.1714645753766035,1.1382294304913714,0.1734618776616937,-0.0126016358361351,0.009436440024455,-0.2558335063350085,0.3476089699229447,17.675905264577278,56.08403995140297,53.094250126325264,33.85379356524772,82.51755412226514,2.6210635008417134,-0.9021805466737084,-1.243981545221143,-4.565069766491607,4.282569551881966,0.5158872655859907,0.1422621546655548,0.1015092644651343,-0.7257985574319701,0.8517466375012575,9.737521936665775,29.093054213300757,31.859324172509574,4.781561340553521,41.0765974388327,1.5598373842533515,1.2054908588468594,1.0196610869522806,-0.9152503925680264,4.249372432980547,0.5679894832367461,-0.0243579027336096,-0.1796843617093833,-0.7229943117708739,1.278603117234705,7.662288807171999,81.56166883472555,83.27311733856014,68.6234960293548,89.9415906064602,1.321299021865589,0.3398424364168794,0.718757770165233,-3.245715513521077,1.9497389212315996,0.3874124606307267,0.0908331448735065,-0.0711896563363119,-0.2190565737808576,1.0859037219448844,4.474970571562331,74.02158493849817,73.50968165303046,67.56083874183238,82.39741842356061,1.849101164985355,-0.0007070355553378,-0.0122478615095822,-2.696811065034332,3.5771172201828065,0.7800394632280825,-0.0814599913103051,-0.0400502737000874,-1.400598228628855,1.6770522644014534
4,Phrase3.mp4,indirect,14.868559722214266,68.70708817529052,78.1969445798824,44.23397210439847,82.33347347589371,3.115707256546984,1.876095583266585,0.2436737509333421,-1.99182725603948,7.625561915814885,1.1845013693071853,-0.0406452780443397,0.1609234042668248,-2.077867740594776,1.2949657144966982,19.039567411454133,47.23521958237973,48.68316885944322,19.00407763679077,71.7221973966846,5.967952216370743,-0.8136050966028008,-1.4489801701460483,-8.005113112233929,8.431366246115822,1.6556058927566375,-0.4503932614382254,-0.0571928823111509,-3.141870877723205,2.085829660488419,9.11456465096308,16.316147310517,16.799366072532123,2.2004485093368986,29.60499171114832,4.294465701807752,-0.5792365043995457,-1.4584836255509688,-5.524879294804909,6.393989960547895,1.5248320188000275,0.1668759971387232,0.453942477337773,-2.2107824609072213,2.491307729959723,6.282522617094919,19.212345950079907,17.082696670131718,11.58295204158274,29.260792108356583,2.362150883586257,0.0999639506766148,0.0284000954623326,-3.46235013938613,3.553544933901943,1.0486088962328204,-0.0281214464284527,0.3346273998549508,-2.013047444135692,1.280834275780845,7.892800195251864,20.60525423116224,21.91418051360468,9.09341011046632,37.28213613682277,3.065930480384984,-0.1863774207083237,0.7249890593035007,-5.50883310114508,3.183726557069515,0.7511301278695143,0.3004493615499336,-0.015918564505942,-0.6743491597566047,1.679397117903675
4,impro_free.MP4,direct,3.462330380907036,81.13831080078133,79.37008427439758,76.79786059587438,88.111519044074,0.9810107360350632,0.0502033337892363,-0.041962898505627,-1.5316740736882792,2.057611088765917,0.3542959081951784,0.0041786861883739,0.0597308207980287,-0.7856639270921697,0.5126662075944779,7.174342533195231,72.61769326432531,72.62707467211258,57.63157967070537,84.32322071766683,2.050885316059934,0.6241790614016615,0.9318520911761324,-3.559385021603731,3.571557164782025,0.935947092918884,-0.2211786227875647,-0.3488493527900944,-1.7877995024596274,1.8306113063948397,19.03109431485684,53.726405117384736,43.85040350126201,34.02558793376075,79.87039874780348,2.2455577232484463,1.2357908972502498,0.4831719931431451,-1.3214189022128409,5.7252210968764565,0.5943794822780601,0.0046628737218637,0.0820005348278938,-1.2814167112992116,0.9186290094010818,16.277263423322307,71.5588869897581,77.4262776578672,41.17178710307329,88.73515371197551,4.03143622609706,-0.2862501896719609,-0.8846489258018195,-5.105408678636273,9.734087666884813,1.198099962908122,0.2448173747086106,-0.0908033210337624,-2.061857436513709,3.334968048668518,16.86193500507607,38.82047902690676,38.626267464974845,8.7740555929045,67.17520369796848,3.740925807021501,-1.7612405035648786,-2.342237356958757,-8.47831455216495,5.344552678403634,1.751732178437504,0.2303566708880112,-0.1276614875301638,-3.370308879744041,3.470774113940139
5,Phrase3.mp4,indirect,15.363184397890882,52.45578873971765,53.87163377489554,30.128770671138977,78.50084779726124,5.387014971409172,-0.911844769445324,0.9244209538187986,-9.88364529375071,5.923394209420309,1.9420190776658843,0.1229063143045531,-0.4367418801675775,-2.585868615047527,3.666207851748597,23.53039694025038,62.59260140496576,73.02979204694108,19.47789566540303,84.71227041547412,2.956697636563818,3.6750165757632103,2.8988186376499705,-0.3211334599265214,8.499416696453974,1.0160146394223926,-0.148162071828484,-0.3943723905244951,-1.506465408814094,1.864321412500174,24.480079760709728,58.707685813860266,66.24808283402757,12.157667243429431,84.19605519571034,6.974017984082111,1.9905529002597515,3.5742958597374868,-12.75464157503576,9.952473252091895,1.6710307029295075,-0.856417380192387,-1.045713609356243,-3.214367651744393,2.174064579529581,11.811605792514351,49.28372884407193,52.42909074127604,20.3874550743127,61.245735977691766,3.5598297421268725,1.9788787709727835,0.9445839887815204,-2.374630156839924,7.428036641549383,1.033480610149194,-0.2292611503302614,0.1063884861721469,-2.0093926765728067,0.8875165728148318,3.556508174912173,34.792134717265355,36.39884449888383,26.158318711301668,38.53446955723708,1.9978294542283963,-0.2616542522451721,-0.1985498184728644,-5.139324956620119,2.128347579015489,0.5381116308953686,-0.3908837039492702,-0.3536901818750619,-1.3626447413739091,0.2763430173092533
5,impro_free.MP4,direct,25.168462427235703,45.06477247903524,45.12184336309785,16.18713405558691,78.61512808006928,1.8890105851991312,-2.0685441559437545,-1.5482296559246749,-5.266597967812103,0.4692891325950867,0.4663702953945874,0.0388659741985176,-0.1339240767752638,-0.4670785903566834,1.0610793782713754,5.939676825307156,80.63238077286105,80.7032972587362,68.77869919241485,91.65820420257586,2.1709371843851453,0.3001544028057502,0.1598823841582692,-3.008010587604261,5.108098950825479,0.9872855189501004,0.1014183074789539,0.2099891543246332,-1.7670366524666186,2.206593534445865,18.42867915282438,49.73470483927519,48.90675738304056,22.073023841673585,77.75524593655577,4.51930847615652,-1.5550822431566862,-1.3751524387152756,-9.092908019128515,6.200166284045961,1.727309433890172,0.0584146683410928,-0.2968590520298577,-2.1251818567299576,3.1858903530426543,5.136487506596621,78.58433207458891,78.04507109144706,72.04216223327394,88.90832036704305,1.5880683857764686,0.1184313813629051,0.2613561088870035,-2.1027468483853724,5.610372793857394,0.8839190207994141,-0.19044719274395,0.077412204566043,-2.924553326894973,0.4886090785248491,12.188497218103276,20.824107897513706,21.147766726322477,2.2764046581469395,38.864286140470384,5.6009380844426735,0.4218167563849266,0.2651477553045872,-7.650798306014246,11.459913257637629,2.3470524408104763,0.214750946382811,0.0282736810705017,-3.6009721809151625,4.017012484901995
6,Phrase3.mp4,indirect,2.047830820293082,67.90955264085636,68.08143771878765,63.45930906706753,71.97833007741528,0.2290309701823429,0.30473724761365,0.2794787658449387,-0.0768768434294031,0.692540291929717,0.0810058314080538,0.000950502744071,-0.0047669727099197,-0.1034277365529501,0.16968045850804,8.127968628345654,68.71818304054672,66.61027654417933,56.05016317801572,84.07000349562108,0.3476094174976606,-0.962141204411709,-0.9897635330067356,-1.536380505234625,-0.416423108133344,0.1651141321380349,-0.017751011945793,-0.0038147251849682,-0.4449953397311397,0.2323473267066198,12.537719369816134,37.74920574426793,44.34958212833665,11.79415727477272,50.47493634475856,4.0199106147482135,-0.0478925119692468,0.3485857726887058,-12.722237000872834,4.793486894467311,1.3376406110771106,0.414149822027781,-0.0636504226592578,-0.7297262045668349,3.944765022874423,5.633671187627199,62.591020345235634,62.92020719239689,53.89650349642682,73.05235567565096,0.2456990688848553,0.6725019599918816,0.6555381254727966,0.2358120010903164,1.0837360963811165,0.110612813121323,0.0052357164493839,0.0363645208097711,-0.2466173288380542,0.2044051954592038,15.544910712277366,30.106182966062388,34.85643795665527,3.92137300022151,48.33240104293382,2.7974594188160493,0.6509781745707561,0.942657938797424,-5.755912049897919,4.352172579425936,0.8497979530310543,0.1836304372426175,0.1032717213652345,-1.148337608165125,1.996599115117392
6,impro_free.MP4,direct,18.53613398442668,40.90019148520055,32.34418360142025,17.125712320777083,83.44039704804322,1.8007731848287092,2.342328346844034,2.3079365381195167,-0.5493185336624702,5.549750226583644,0.5272229157705915,0.0807348645623005,0.2010315467282328,-0.9768726130803635,0.7014693622955619,7.459779172399767,80.72202693297425,82.53682637541043,64.16845111620336,90.61091479850374,2.7398810471099764,0.1108601147291289,0.1157644212496507,-4.704080533653226,6.01897790674392,1.1552779100823574,-0.0399323766669665,-0.0469221550252889,-2.0176225268695944,2.246043016331332,15.303012158545991,31.953640726776168,34.87316956193313,4.225567206993424,54.73599342791394,4.985036176741038,0.3320731621327369,0.7020611100505789,-7.10510161328727,7.951232032126992,2.141954330311503,0.1544380967416593,0.1454884286016815,-3.4073645079364585,3.397705567214375,5.641127906724693,79.64004702131939,80.96440264127024,67.1949909473526,85.9907605067257,2.196036714022032,-0.3209543886115375,-0.2535918641993007,-4.367381973483454,3.8532122462601777,1.1126780611086065,-0.2331769074737409,-0.3252721384623669,-2.1060088954252585,2.050933945876565,22.545194963197016,42.42886904817627,39.96053274000378,16.026467758055574,87.44736878277345,6.724679845146965,2.146354998260374,0.3722401529954844,-6.506178561544719,13.053866873947229,2.216484967874032,-0.3864523979342991,0.1230284610131011,-4.375744588028514,3.287384301192308
7,Phrase3.mp4,indirect,5.622131575774049,80.13741190095044,79.38104936255698,72.64321421294987,89.21658227798571,0.3586748054189512,0.5467755259274182,0.6167920942713145,-0.3799071892971923,1.0102347541020509,0.1494218278429043,-0.0382340831015615,-0.0573463248265291,-0.3455861264018551,0.1954181977541935,7.263297583227266,63.418385665631895,66.55820413017447,53.18478738370279,76.68707538897658,0.86150656339141,0.7348484163494894,0.8336135632777495,-1.013142622458048,1.9222741073316167,0.2648523644706765,0.0922232055732704,0.2081383009960697,-0.5587163810835811,0.3453557212025409,16.58667290106781,24.25914342044337,19.669266379509853,-0.7083210675639781,53.28010744274222,5.486959368562193,-0.8478314724327516,-0.2235501086834164,-11.23520110418642,9.32882771701419,2.430294823596911,0.0750829241634479,-0.1429343575217065,-5.173265920060011,3.925352428275613,4.185372608794269,82.7602531438195,84.25318926384968,74.13310243591795,86.99009714950644,0.3257850831730893,0.4432549740503442,0.5121944317392035,-0.0540270408201735,1.0541612173180823,0.0573442371056021,-0.0371612511168777,-0.0335561942833333,-0.1245649412313767,0.0667136565960788,12.315089325663948,20.566580722932656,14.157370884372526,6.337337992305325,43.65772662307516,3.3873409223178865,0.1241536715061791,0.0340518330543222,-5.421674263814618,5.876070440717601,0.824134014644677,0.1925333403831337,0.2656304865571045,-1.2741588304435505,1.419583885338736
7,impro_free.MP4,direct,1.4265642170982635,87.5021103836739,87.67416486209939,85.99732192147631,88.83484436744601,0.4946898544795226,1.565441545119851,1.4187612229848483,1.1606795053466217,2.1168839070280825,0.287064865811323,-0.5211757967557311,-0.4781022008407305,-0.827343471788236,-0.2580817176382268,0.5897372020539651,89.04438400830702,89.04664197648665,88.45352106413758,89.63298898429684,0.0181824857551243,0.598492516072947,0.5897339600796343,0.5863470078101898,0.6193965803290169,0.0266259711498647,-0.0248532031331277,-0.0165247862594135,-0.0546478708705251,-0.0033869522694445,8.399650718242034,49.05787964767941,48.75484478136145,40.81384709344561,57.60494706823114,0.9973379151659126,8.062163294658871,8.395549987392766,6.940837609714158,8.850102286869692,0.7784669639158046,1.130225495417344,0.9546323385777667,0.4545522994769264,1.9814918481973391,6.472453354846476,65.31220793458306,65.46848412593239,58.76303161118355,71.70510806663324,0.5213194275114293,-6.294967101209553,-6.471038227724847,-6.705452514748842,-5.70841056115497,0.417146363635087,-0.5949211303138758,-0.4985209767969358,-1.0518281271206966,-0.2344142870239949,4.373199804151734,84.03978232602428,84.75468700165693,79.35317764558916,88.01148233082672,2.101249826749922,-3.69233419641494,-4.329152342618784,-5.401509356067777,-1.3463408905582597,1.2813949927212942,-2.23647344350044,-2.027584232754758,-3.609479084297568,-1.0723570134489933
8,Phrase3.mp4,indirect,2.2218203606928646,83.19760527200674,82.59416722546229,80.89047674441126,88.45676789939132,0.4648872849236747,-0.1127491752555836,-0.0654428807534373,-0.7622041272041784,0.5593735189302009,0.0675334748661096,0.0240709667616508,0.0442993240920639,-0.1700480878832024,0.0873666733039115,1.5114178035401622,82.38263028517557,82.60431642129359,78.38249501518995,84.22898498743467,0.5730003593331635,0.218525372778438,0.1736459031913959,-0.5184361615088378,1.6442654223260431,0.1364948083418565,-0.0504080807564051,-0.0643020133585547,-0.2911061959838186,0.1940438244352371,9.966020155019562,41.45750287492328,42.91243193562596,20.412929126587247,56.09438238970594,2.447059206742766,1.244584506101333,1.4521084381979392,-3.7838711596474326,4.566325581994965,0.8930813598084073,-0.0176864948798833,0.1180661215560632,-1.6542771742113356,1.5806880322704604,2.48454008445219,86.13871600705343,86.87858510937284,80.3067878592296,88.93955789693506,0.3558484613942372,-0.2258939477827141,-0.286092293873498,-0.7132745117561399,0.3975190145621212,0.0868062275319082,-0.011252736378674,-0.005805121068807,-0.1743795469653797,0.142359553427589,9.76231401024965,79.83180847853357,83.78955723259686,49.52864654255413,86.70349736228547,2.082508114428008,1.1733845971135175,0.3476813713160815,-0.6066265984405561,5.79851921030944,0.2508289828329736,-0.2092209437393069,-0.1431190567759035,-0.7141329398279908,0.0654914908022519
9,Phrase3.mp4,indirect,1.5657135996558038,88.6675327054167,89.50887679659567,85.44368408899084,89.95835879408322,0.2038866778914488,0.1407455806132453,0.0417988189241818,-0.0512894225455156,0.5298683183453576,0.0502353885571096,-0.0064518316316534,-0.0007615562956395,-0.0993135836097138,0.0896159583784736,3.432809459492008,82.19196823403082,83.87334478459476,75.37693672761125,85.64312255345234,0.3529242603772171,-0.2920397521089503,-0.4455669267264355,-0.7220596909262937,0.2240063173950588,0.084651915416282,-0.0087426077576597,-0.0166436351645415,-0.1283441629207509,0.2111064028745737,6.157302481521615,71.43653313129077,74.62927058430182,57.52803925915539,77.08102789051112,0.5510838385931872,0.6759429959519634,0.6324286378540371,0.0237085882136796,1.550065982494921,0.0722100108494131,-0.0464456258585981,-0.0325741982437666,-0.1976623946028226,0.1125726807815503,2.6026449623209333,81.51754982549639,80.1931433405133,78.40484804172623,84.9904006743125,0.3469148469870599,0.1644418579905734,0.0405785126746245,-0.3058133998891321,0.7768837027476394,0.101197581413418,0.0164617578368455,0.0186457064343557,-0.1470626883967547,0.1893984181489436,1.927578498739908,77.43301793935134,77.49466039692007,74.69978940075197,81.57720474877783,0.4177263728135355,-0.0969058139372689,0.1351007828885997,-0.6653685526744084,0.4457492955243296,0.0713053827111786,0.0199494179573086,0.0009159204811712,-0.0590853994010132,0.1620968834540228
10,Phrase3.mp4,indirect,1.5180921501174411,88.18768493658828,88.47156469709591,85.78960923171392,89.82446380651992,0.1234281161062911,-0.1264697395192504,-0.1391028771194413,-0.3311806641940507,0.0426576647928058,0.0289499805727576,-0.00327954378052,0.0055307044973087,-0.0691988906689715,0.0326886434454927,2.829808541357621,79.4866659266431,79.02932330680409,75.28177091672454,83.21777255685717,0.1669973809829509,0.2608040424077139,0.2586079154186436,-0.0351922287208452,0.5409012231656121,0.0629065139223929,0.0021236679864323,-0.0079226646719092,-0.0850994712764006,0.190342347850887,0.9629352071234948,76.79809518488227,76.70863916819874,75.51440197447958,79.0328599479499,0.1841405866633597,0.0705440630135555,0.1324623618706901,-0.2884586501659996,0.3271620138374445,0.0420675310726942,0.0110953192326973,0.0111338072826558,-0.0709936873560472,0.0987707597888878,1.981957835937347,82.84903564624211,82.31528671017949,80.13360854570611,85.64750778413868,0.3203813074816328,-0.0936098497422089,-0.026376915062741,-0.5585588454935007,0.3962443472392678,0.0871021830294869,-0.0075755491320458,-0.0067534725458884,-0.1284838943746145,0.1622861482744291,1.9709920541244588,77.5145909271176,78.18024517400792,74.75786600328728,79.68610610127972,0.2404690756752487,-0.1101199835283369,-0.0896282820035878,-0.4803069460891649,0.3156650077699581,0.0549102540040502,0.0063064880334871,-0.0092818082371728,-0.0618698650772557,0.0790434582178818
11,Phrase3.mp4,indirect,1.194271236151496,87.18647257905405,87.28534362245436,85.68109065548337,89.11783116713474,0.0986392253018666,0.1117872686178664,0.0881862966219806,-0.0480857329545827,0.2800595117130413,0.0456310092254326,0.0014692559614884,0.0176541259474607,-0.1323295432530393,0.0673904600504613,0.7515200782436049,83.14238371705636,83.09958750638802,81.8368158780937,84.41420612602394,0.1644363366953966,-0.0461734886376954,-0.0315377789590627,-0.3603158261296215,0.2209275092349898,0.0558759068880662,-0.0031947069013404,0.0055802310051618,-0.1215356904120028,0.0872421645632997,1.661627108238353,83.30289662746173,84.16784524029944,79.37878523884257,84.81927119009,0.3383228164718654,0.1018195601148332,0.087341871368114,-0.537116507347065,0.5197409883031554,0.0903216351953404,-0.0149129990385556,-0.0071820472860224,-0.1710557064254558,0.2134482495584642,1.3026579707264123,79.82812005289853,79.94505478465484,78.08934937103378,82.17777325549687,0.1456867594750367,-0.1086245304642072,-0.1434986111151133,-0.2705930854044922,0.233079614254521,0.0357617261670261,0.0113767097135697,0.0121016417648078,-0.0590512315347702,0.0700061085509666,1.1567505617184288,78.50496772509665,78.59217388333889,75.75979983067378,79.96627057898742,0.2976115403461477,0.0370569446048129,-0.0440547635095747,-0.6004616985050646,0.4582049086874562,0.0550390489775943,-0.0338997476768173,-0.0378128313695462,-0.1428182454186384,0.0568644826088657
12,Phrase3.mp4,indirect,5.337205146036421,82.30484495150985,83.73096672487996,74.22453384691256,89.10908074625218,0.4842452560035833,-0.4302176348576628,-0.3987826025817327,-1.0381496922562192,0.9477878272227968,0.1524820761030617,0.0356528170540674,-0.0178719915529619,-0.1542809867484997,0.3433608450509524,3.16381875412411,78.04162590840991,78.49039787733645,70.40752599546346,81.6997249924432,0.4706180055813359,-0.4181103003712683,-0.3331175457449831,-2.148936589433028,-0.0227723292747228,0.1666171990664856,-0.0725270834580893,-0.0249599108666505,-0.5072280649988414,0.1023566954438663,18.275450355229587,50.9116769103479,46.57177888899068,25.917115496566904,82.36951228411431,3.8649081361363447,-1.5969554855654209,-0.8366339610917528,-9.274202424109436,4.849397448281877,1.3862226109056666,-0.1144979402451871,-0.4501341304465995,-1.9506620818729608,3.241343234203452,2.221227387471905,77.33859008949729,77.79913705893807,69.9866640436372,79.51740602449208,0.5622858573513608,-0.3349159202171451,-0.1529586614843125,-2.054788266103394,0.2157535548137374,0.1273566605072858,-0.0760549487009711,-0.0304523896155455,-0.3938386694572493,0.0447651920292493,16.92532085960817,47.1426681542392,43.42523884407466,21.58601001715445,76.36060827739917,3.421781930400784,-1.1871353289888176,-0.6793609862113108,-7.724299955026737,4.771132430620375,1.1382229888049251,-0.0205519740794416,-0.2597297088706787,-1.2963315938542124,2.6952542082603976
13,Phrase3.mp4,indirect,5.393717052717885,80.03579458151616,82.12646519968885,67.91023398350548,85.68375135396018,2.042517408772563,0.1348828167513164,0.4098716581363746,-3.841067938375396,4.187685637394615,0.9395378462785354,-0.127272014053176,-0.1293831171783068,-1.9105042558087248,1.9990056018925344,12.869983334493574,53.52851184071677,58.28018642487315,26.94822164986016,68.41246634261702,3.9941426591979456,-0.3105473144671633,-1.75284008148045,-5.822050812081979,8.734154139304415,1.579189181030982,0.0401729441121864,-0.151748088134235,-2.8405189672132654,3.41383657276172,8.812097629487484,12.803655186440745,12.9924517998543,-0.3445280653824498,32.545876106498994,2.3173851141673767,-0.8308363625006339,-1.6000710065557524,-3.625235317923245,4.058244479199312,0.9580770022348648,0.15314272032734,0.2034183064691017,-1.8946493823849715,2.865424209710319,17.761850410640122,66.55230586224751,63.38621029361549,38.01488069805284,92.40875883497657,5.326968333061965,-0.6837459520408742,-1.6205983480282935,-9.376024429397724,10.359997311840653,1.6731663777417292,-0.1671644556537152,-0.5610450686689425,-2.551830735771045,3.665536236549531,11.340190838433672,14.904345615815224,9.777335220871343,2.750868799330194,40.445759792938574,2.5875010014424804,-0.5387008922441897,-0.9850858273480078,-3.992942849464286,4.591563854127088,0.6338938315944195,0.1758470535757207,0.0951863255075333,-0.7938315599308745,1.0974712214810547
14,Phrase3.mp4,indirect,1.9451910048825831,77.36318549757654,77.36318549757654,75.98772774732099,78.73864324783209,0.1264561738466027,-2.800807897876691,-2.800807897876691,-2.8902259159265284,-2.711389879826853,0.1513371521499448,0.0697931316811794,0.0697931316811794,-0.0372183948495068,0.1768046582118658,1.5486419756321006,58.23489267032562,58.23489267032562,57.13983742772603,59.329947912925206,0.3431431848324556,-1.9162881927028592,-1.9162881927028592,-2.158927065615837,-1.673649319789881,0.2364091599407321,-0.6454386838651452,-0.6454386838651452,-0.812605203993852,-0.4782721637364384,3.422792490755309,12.24542100022883,12.24542100022883,9.82514121942136,14.665700781036303,1.3813738579373598,3.795545867670567,3.795545867670567,2.818767045369237,4.772324689971897,0.5723152192273615,2.3314654112616715,2.3314654112616715,1.9267774387697387,2.7361533837536047,2.9373034235162385,42.63714411793741,42.63714411793741,40.56015694876662,44.71413128710821,1.194236876104673,-4.938330898223428,-4.938330898223428,-5.782783891660081,-4.093877904786774,0.330934197189797,1.899828832923604,1.899828832923604,1.6658230179641722,2.1338346478830355,2.192324811522054,28.52988232767141,28.52988232767141,26.979674586880645,30.080090068462173,0.3913446724254552,3.3325875826119837,3.3325875826119837,3.055865110958716,3.6093100542652503,0.07894941798274,-0.6017903962037306,-0.6017903962037306,-0.6576160650300573,-0.545964727377404
16,Phrase3.mp4,indirect,20.552151969429985,56.12389134748738,59.04799806933482,20.406828160186297,79.57489484436532,2.761224949567743,-2.83142376116096,-3.041672353009377,-6.813406269227432,1.7778351985941114,1.027188559584842,-0.2480358222366935,-0.2647038025093486,-2.018418357672033,1.321649837905106,2.739039813100312,49.68424073143889,50.43558555250295,45.2086026806032,54.52492911920794,1.2393317628729783,-0.186973087590773,-0.0719376841746104,-2.287622617761933,1.7580677126756754,0.4668847693712687,0.2131783059782544,0.3382272106423997,-0.6240069996809368,0.9294256903282748,17.885368908851458,52.47429366273328,51.494839400007685,23.6657332216737,85.54968919371083,7.701962838811242,3.5993307992880923,6.957238683860697,-10.014613401742372,12.693675649368696,2.8213431924830807,-0.1601585209827777,-0.0602323997915625,-5.243074024413014,4.232599239150808,3.86129959030215,51.09677271277927,52.31080823120021,40.062368180733024,55.18184847436948,1.5791188520120891,0.7128386947709642,0.2916452278387176,-1.3374549170378884,4.0951650416978325,0.652404274002392,-0.0998373593571445,-0.0188479858650572,-1.4582777990932811,0.8243629803808403,3.958235637491325,34.56347890951451,33.035237203951255,29.724969315607694,40.00600863199935,0.7816227738313711,0.3604445256228563,0.3916936841067331,-0.8794121838765694,1.4499603699754608,0.330978456110078,-0.0654580614461259,-0.1071983867575294,-0.5890661015278544,0.4723918251219929
